state,first_period,first_enrollment,last_period,last_enrollment,growth_abs,growth_pct,avg_mom_growth_pct,suppressed_row_share,eligible_beneficiaries,ma_penetration,growth_rate_rank,enrollment_scale_rank,penetration_rank,headroom_rank,momentum_rank,opportunity_score,score_explanation,recommendation
MD,2024-01-01,265093.0,2026-05-01,296415.0,31322.0,0.1181547607820651,0.0042644489535473,0.5463647199046484,1182121.0,0.22909583705898126,0.9454545454545454,0.41818181818181815,0.061224489795918366,0.9387755102040817,0.9454545454545454,78.56,"Weighted CMS ranking: 45% growth rate, 30% enrollment scale, 25% penetration headroom (1 - penetration); momentum used only as a tie-breaker, not a separate weight","Prioritize MD for RCM outreach: score 78.6, latest enrollment 296,415, growth 11.82%, penetration 22.9%."
WA,2024-01-01,712478.0,2026-05-01,787257.0,74779.0,0.1049562232096991,0.0037288358990021,0.5450710826433369,1566701.0,0.4931936597985193,0.8727272727272727,0.7636363636363637,0.42857142857142855,0.5714285714285714,0.8909090909090909,76.47,"Weighted CMS ranking: 45% growth rate, 30% enrollment scale, 25% penetration headroom (1 - penetration); momentum used only as a tie-breaker, not a separate weight","Prioritize WA for RCM outreach: score 76.5, latest enrollment 787,257, growth 10.50%, penetration 49.3%."
VA,2024-01-01,629950.0,2026-05-01,693414.0,63464.0,0.1007445035320263,0.0034492554259443,0.4724024865086413,1739558.0,0.38680802824625565,0.8363636363636363,0.6727272727272727,0.2653061224489796,0.7346938775510203,0.8363636363636363,76.19,"Weighted CMS ranking: 45% growth rate, 30% enrollment scale, 25% penetration headroom (1 - penetration); momentum used only as a tie-breaker, not a separate weight","Prioritize VA for RCM outreach: score 76.2, latest enrollment 693,414, growth 10.07%, penetration 38.7%."
NY,2024-01-01,1985636.0,2026-05-01,2169002.0,183366.0,0.0923462306283729,0.0032637735258895,0.3637709388391118,4024277.0,0.5170933809973817,0.7818181818181819,0.9454545454545454,0.5306122448979592,0.4693877551020408,0.8,75.28,"Weighted CMS ranking: 45% growth rate, 30% enrollment scale, 25% penetration headroom (1 - penetration); momentum used only as a tie-breaker, not a separate weight","Prioritize NY for RCM outreach: score 75.3, latest enrollment 2,169,002, growth 9.23%, penetration 51.7%."
NJ,2024-01-01,701194.0,2026-05-01,761933.0,60739.0,0.0866222471954979,0.0029779723267149,0.3808487486398259,1823382.0,0.41053438061799447,0.7272727272727273,0.7454545454545455,0.2857142857142857,0.7142857142857143,0.7272727272727273,72.95,"Weighted CMS ranking: 45% growth rate, 30% enrollment scale, 25% penetration headroom (1 - penetration); momentum used only as a tie-breaker, not a separate weight","Prioritize NJ for RCM outreach: score 73.0, latest enrollment 761,933, growth 8.66%, penetration 41.1%."
TX,2024-01-01,2510805.0,2026-05-01,2748087.0,237282.0,0.0945043521898355,0.0032333770242189,0.4883015597920277,4952477.0,0.5462591749542703,0.8,0.9636363636363636,0.7142857142857143,0.2857142857142857,0.7818181818181819,72.05,"Weighted CMS ranking: 45% growth rate, 30% enrollment scale, 25% penetration headroom (1 - penetration); momentum used only as a tie-breaker, not a separate weight","Prioritize TX for RCM outreach: score 72.0, latest enrollment 2,748,087, growth 9.45%, penetration 54.6%."
AK,2024-01-01,2201.0,2026-05-01,2565.0,364.0,0.1653793730122671,0.0060462854206391,0.8638360175695461,,,1.0,0.05454545454545454,0.0,1.0,1.0,71.64,"Weighted CMS ranking: 45% growth rate, 30% enrollment scale, 25% penetration headroom (1 - penetration); momentum used only as a tie-breaker, not a separate weight","Prioritize AK for RCM outreach: score 71.6, latest enrollment 2,565, growth 16.54%, penetration nan%."
SC,2024-01-01,546341.0,2026-05-01,599532.0,53191.0,0.0973586093666775,0.0033371610487607,0.390863453815261,1270526.0,0.45932865600546546,0.8181818181818182,0.6181818181818182,0.3877551020408163,0.6122448979591837,0.8181818181818182,70.67,"Weighted CMS ranking: 45% growth rate, 30% enrollment scale, 25% penetration headroom (1 - penetration); momentum used only as a tie-breaker, not a separate weight","Prioritize SC for RCM outreach: score 70.7, latest enrollment 599,532, growth 9.74%, penetration 45.9%."
MS,2024-01-01,266274.0,2026-05-01,297213.0,30939.0,0.1161923432253994,0.0039411997985596,0.4737278552581982,655935.0,0.44589326686333247,0.9272727272727272,0.43636363636363634,0.3673469387755102,0.6326530612244898,0.9272727272727272,70.63,"Weighted CMS ranking: 45% growth rate, 30% enrollment scale, 25% penetration headroom (1 - penetration); momentum used only as a tie-breaker, not a separate weight","Prioritize MS for RCM outreach: score 70.6, latest enrollment 297,213, growth 11.62%, penetration 44.6%."
CA,2024-01-01,3440093.0,2026-05-01,3718525.0,278432.0,0.0809373467519628,0.0027895212378874,0.4986918333021865,7166271.0,0.5103274771495524,0.6181818181818182,1.0,0.4897959183673469,0.5102040816326531,0.6181818181818182,70.57,"Weighted CMS ranking: 45% growth rate, 30% enrollment scale, 25% penetration headroom (1 - penetration); momentum used only as a tie-breaker, not a separate weight","Prioritize CA for RCM outreach: score 70.6, latest enrollment 3,718,525, growth 8.09%, penetration 51.0%."
OK,2024-01-01,319716.0,2026-05-01,352404.0,32688.0,0.1022407386555568,0.0034902015692725,0.5605063653268488,824220.0,0.4229149984227512,0.8545454545454545,0.4909090909090909,0.30612244897959184,0.6938775510204082,0.8545454545454545,70.53,"Weighted CMS ranking: 45% growth rate, 30% enrollment scale, 25% penetration headroom (1 - penetration); momentum used only as a tie-breaker, not a separate weight","Prioritize OK for RCM outreach: score 70.5, latest enrollment 352,404, growth 10.22%, penetration 42.3%."
NC,2024-01-01,1205103.0,2026-05-01,1344776.0,139673.0,0.1159012964037098,0.0039299484024528,0.455038681804481,2298178.0,0.5781097025556767,0.9090909090909091,0.8727272727272727,0.9183673469387755,0.08163265306122447,0.9090909090909091,69.13,"Weighted CMS ranking: 45% growth rate, 30% enrollment scale, 25% penetration headroom (1 - penetration); momentum used only as a tie-breaker, not a separate weight","Prioritize NC for RCM outreach: score 69.1, latest enrollment 1,344,776, growth 11.59%, penetration 57.8%."
ND,2024-01-01,48015.0,2026-05-01,54386.0,6371.0,0.1326877017598667,0.0045412194915195,0.6071218016743308,152538.0,0.3401185278422426,0.9636363636363636,0.14545454545454545,0.1836734693877551,0.8163265306122449,0.9636363636363636,68.14,"Weighted CMS ranking: 45% growth rate, 30% enrollment scale, 25% penetration headroom (1 - penetration); momentum used only as a tie-breaker, not a separate weight","Prioritize ND for RCM outreach: score 68.1, latest enrollment 54,386, growth 13.27%, penetration 34.0%."
DE,2024-01-01,75968.0,2026-05-01,84081.0,8113.0,0.1067949663016006,0.0036966961903234,0.5206738131699847,254957.0,0.3123154100495378,0.8909090909090909,0.2,0.12244897959183673,0.8775510204081632,0.8727272727272727,68.03,"Weighted CMS ranking: 45% growth rate, 30% enrollment scale, 25% penetration headroom (1 - penetration); momentum used only as a tie-breaker, not a separate weight","Prioritize DE for RCM outreach: score 68.0, latest enrollment 84,081, growth 10.68%, penetration 31.2%."
IN,2024-01-01,668989.0,2026-05-01,726302.0,57313.0,0.0856710648456103,0.002945949425374,0.4901840490797546,1409437.0,0.5083795870265929,0.7090909090909091,0.7090909090909091,0.46938775510204084,0.5306122448979591,0.7090909090909091,66.45,"Weighted CMS ranking: 45% growth rate, 30% enrollment scale, 25% penetration headroom (1 - penetration); momentum used only as a tie-breaker, not a separate weight","Prioritize IN for RCM outreach: score 66.5, latest enrollment 726,302, growth 8.57%, penetration 50.8%."
AZ,2024-01-01,743762.0,2026-05-01,805416.0,61654.0,0.0828947969915107,0.0028530831884675,0.4343877231443783,1542292.0,0.5122324436617709,0.6545454545454545,0.8,0.5102040816326531,0.4897959183673469,0.6545454545454545,65.7,"Weighted CMS ranking: 45% growth rate, 30% enrollment scale, 25% penetration headroom (1 - penetration); momentum used only as a tie-breaker, not a separate weight","Prioritize AZ for RCM outreach: score 65.7, latest enrollment 805,416, growth 8.29%, penetration 51.2%."
UT,2024-01-01,234753.0,2026-05-01,269297.0,34544.0,0.1471504091534506,0.004922618271073,0.5496957403651116,483062.0,0.5449611023015679,0.9818181818181818,0.4,0.6938775510204082,0.30612244897959184,0.9818181818181818,63.83,"Weighted CMS ranking: 45% growth rate, 30% enrollment scale, 25% penetration headroom (1 - penetration); momentum used only as a tie-breaker, not a separate weight","Prioritize UT for RCM outreach: score 63.8, latest enrollment 269,297, growth 14.72%, penetration 54.5%."
IL,2024-01-01,1020025.0,2026-05-01,1093486.0,73461.0,0.072018823068062,0.0024981051193684,0.3980025307302964,2468222.0,0.43171319273549946,0.4727272727272727,0.8363636363636363,0.3469387755102041,0.653061224489796,0.43636363636363634,62.69,"Weighted CMS ranking: 45% growth rate, 30% enrollment scale, 25% penetration headroom (1 - penetration); momentum used only as a tie-breaker, not a separate weight","Prioritize IL for RCM outreach: score 62.7, latest enrollment 1,093,486, growth 7.20%, penetration 43.2%."
GA,2024-01-01,1051421.0,2026-05-01,1138849.0,87428.0,0.0831522292212158,0.0028928272352861,0.4713429979087654,2007970.0,0.5507691847985776,0.6727272727272727,0.8545454545454545,0.7551020408163265,0.24489795918367352,0.6727272727272727,62.03,"Weighted CMS ranking: 45% growth rate, 30% enrollment scale, 25% penetration headroom (1 - penetration); momentum used only as a tie-breaker, not a separate weight","Prioritize GA for RCM outreach: score 62.0, latest enrollment 1,138,849, growth 8.32%, penetration 55.1%."
PA,2024-01-01,1541778.0,2026-05-01,1657943.0,116165.0,0.0753448291517974,0.0026095916533816,0.4629097557790257,3018074.0,0.5372525657091244,0.509090909090909,0.9272727272727272,0.6530612244897959,0.34693877551020413,0.509090909090909,59.4,"Weighted CMS ranking: 45% growth rate, 30% enrollment scale, 25% penetration headroom (1 - penetration); momentum used only as a tie-breaker, not a separate weight","Prioritize PA for RCM outreach: score 59.4, latest enrollment 1,657,943, growth 7.53%, penetration 53.7%."
NV,2024-01-01,301585.0,2026-05-01,328245.0,26660.0,0.0883996219971152,0.0030331321373943,0.6292642827784628,622633.0,0.5202984743821802,0.7636363636363637,0.4727272727272727,0.5714285714285714,0.4285714285714286,0.7636363636363637,59.26,"Weighted CMS ranking: 45% growth rate, 30% enrollment scale, 25% penetration headroom (1 - penetration); momentum used only as a tie-breaker, not a separate weight","Prioritize NV for RCM outreach: score 59.3, latest enrollment 328,245, growth 8.84%, penetration 52.0%."
MI,2024-01-01,1362242.0,2026-05-01,1477625.0,115383.0,0.0847008094009728,0.0029155195666907,0.4408658922914467,2305288.0,0.6294371896266323,0.6909090909090909,0.8909090909090909,0.9795918367346939,0.020408163265306145,0.6909090909090909,58.33,"Weighted CMS ranking: 45% growth rate, 30% enrollment scale, 25% penetration headroom (1 - penetration); momentum used only as a tie-breaker, not a separate weight","Prioritize MI for RCM outreach: score 58.3, latest enrollment 1,477,625, growth 8.47%, penetration 62.9%."
AR,2024-01-01,302005.0,2026-05-01,326921.0,24916.0,0.0825019453320309,0.0028397412053268,0.4318181818181818,689628.0,0.4665674827588207,0.6363636363636364,0.45454545454545453,0.40816326530612246,0.5918367346938775,0.6363636363636364,57.07,"Weighted CMS ranking: 45% growth rate, 30% enrollment scale, 25% penetration headroom (1 - penetration); momentum used only as a tie-breaker, not a separate weight","Prioritize AR for RCM outreach: score 57.1, latest enrollment 326,921, growth 8.25%, penetration 46.7%."
MO,2024-01-01,694403.0,2026-05-01,748145.0,53742.0,0.0773930988201375,0.0026696295778861,0.4862344184378083,1361805.0,0.5415489001729322,0.5636363636363636,0.7272727272727273,0.673469387755102,0.326530612244898,0.5636363636363636,55.35,"Weighted CMS ranking: 45% growth rate, 30% enrollment scale, 25% penetration headroom (1 - penetration); momentum used only as a tie-breaker, not a separate weight","Prioritize MO for RCM outreach: score 55.4, latest enrollment 748,145, growth 7.74%, penetration 54.2%."
LA,2024-01-01,515365.0,2026-05-01,560458.0,45093.0,0.0874972107147361,0.0030051135909122,0.4661967912454789,966929.0,0.5668585801025722,0.7454545454545455,0.5818181818181818,0.8367346938775511,0.16326530612244894,0.7454545454545455,55.08,"Weighted CMS ranking: 45% growth rate, 30% enrollment scale, 25% penetration headroom (1 - penetration); momentum used only as a tie-breaker, not a separate weight","Prioritize LA for RCM outreach: score 55.1, latest enrollment 560,458, growth 8.75%, penetration 56.7%."
FL,2024-01-01,2853027.0,2026-05-01,3058222.0,205195.0,0.0719218570311462,0.0024863163409521,0.463159363661736,5276946.0,0.5707975787510428,0.45454545454545453,0.9818181818181818,0.8775510204081632,0.12244897959183676,0.41818181818181815,52.97,"Weighted CMS ranking: 45% growth rate, 30% enrollment scale, 25% penetration headroom (1 - penetration); momentum used only as a tie-breaker, not a separate weight","Prioritize FL for RCM outreach: score 53.0, latest enrollment 3,058,222, growth 7.19%, penetration 57.1%."
MT,2024-01-01,74915.0,2026-05-01,80619.0,5704.0,0.0761396249082293,0.0026488663630582,0.6399759181216135,269763.0,0.29100358462798825,0.5454545454545454,0.18181818181818182,0.08163265306122448,0.9183673469387755,0.5454545454545454,52.96,"Weighted CMS ranking: 45% growth rate, 30% enrollment scale, 25% penetration headroom (1 - penetration); momentum used only as a tie-breaker, not a separate weight","Prioritize MT for RCM outreach: score 53.0, latest enrollment 80,619, growth 7.61%, penetration 29.1%."
CT,2024-01-01,413714.0,2026-05-01,437118.0,23404.0,0.056570481056962,0.0019992420458219,0.4834152334152334,,,0.21818181818181817,0.509090909090909,0.0,1.0,0.21818181818181817,50.09,"Weighted CMS ranking: 45% growth rate, 30% enrollment scale, 25% penetration headroom (1 - penetration); momentum used only as a tie-breaker, not a separate weight","Prioritize CT for RCM outreach: score 50.1, latest enrollment 437,118, growth 5.66%, penetration nan%."
NE,2024-01-01,126934.0,2026-05-01,136367.0,9433.0,0.0743142105346085,0.002568742856701,0.5817003548835056,394715.0,0.342170933458318,0.4909090909090909,0.23636363636363636,0.20408163265306123,0.7959183673469388,0.4909090909090909,49.08,"Weighted CMS ranking: 45% growth rate, 30% enrollment scale, 25% penetration headroom (1 - penetration); momentum used only as a tie-breaker, not a separate weight","Prioritize NE for RCM outreach: score 49.1, latest enrollment 136,367, growth 7.43%, penetration 34.2%."
TN,2024-01-01,769067.0,2026-05-01,819440.0,50373.0,0.0654988447040375,0.0022720190494546,0.535356477166822,1516253.0,0.5348731379261904,0.3090909090909091,0.8181818181818182,0.5918367346938775,0.40816326530612246,0.3090909090909091,48.66,"Weighted CMS ranking: 45% growth rate, 30% enrollment scale, 25% penetration headroom (1 - penetration); momentum used only as a tie-breaker, not a separate weight","Prioritize TN for RCM outreach: score 48.7, latest enrollment 819,440, growth 6.55%, penetration 53.5%."
NM,2024-01-01,224700.0,2026-05-01,241659.0,16959.0,0.0754739652870494,0.0026444411790361,0.5476449275362318,474069.0,0.5029731958849872,0.5272727272727272,0.34545454545454546,0.4489795918367347,0.5510204081632653,0.5272727272727272,47.87,"Weighted CMS ranking: 45% growth rate, 30% enrollment scale, 25% penetration headroom (1 - penetration); momentum used only as a tie-breaker, not a separate weight","Prioritize NM for RCM outreach: score 47.9, latest enrollment 241,659, growth 7.55%, penetration 50.3%."
OH,2024-01-01,1396356.0,2026-05-01,1487881.0,91525.0,0.0655456058483653,0.0022765697084539,0.4165960152607036,2590457.0,0.5655330314303615,0.32727272727272727,0.9090909090909091,0.8163265306122449,0.18367346938775508,0.32727272727272727,46.59,"Weighted CMS ranking: 45% growth rate, 30% enrollment scale, 25% penetration headroom (1 - penetration); momentum used only as a tie-breaker, not a separate weight","Prioritize OH for RCM outreach: score 46.6, latest enrollment 1,487,881, growth 6.55%, penetration 56.6%."
MA,2024-01-01,510045.0,2026-05-01,541561.0,31516.0,0.0617906263172857,0.0021796670671338,0.3600136239782016,1499436.0,0.34989022539141384,0.23636363636363636,0.5454545454545454,0.22448979591836735,0.7755102040816326,0.23636363636363636,46.39,"Weighted CMS ranking: 45% growth rate, 30% enrollment scale, 25% penetration headroom (1 - penetration); momentum used only as a tie-breaker, not a separate weight","Prioritize MA for RCM outreach: score 46.4, latest enrollment 541,561, growth 6.18%, penetration 35.0%."
DC,2024-01-01,31784.0,2026-05-01,33942.0,2158.0,0.0678957966272338,0.0024213444163383,0.4375,,,0.38181818181818183,0.12727272727272726,0.0,1.0,0.36363636363636365,46.0,"Weighted CMS ranking: 45% growth rate, 30% enrollment scale, 25% penetration headroom (1 - penetration); momentum used only as a tie-breaker, not a separate weight","Prioritize DC for RCM outreach: score 46.0, latest enrollment 33,942, growth 6.79%, penetration nan%."
IA,2024-01-01,250739.0,2026-05-01,267180.0,16441.0,0.0655701745639888,0.0022992649176161,0.5584199050917019,703197.0,0.37152746669852116,0.34545454545454546,0.38181818181818183,0.24489795918367346,0.7551020408163265,0.34545454545454546,45.88,"Weighted CMS ranking: 45% growth rate, 30% enrollment scale, 25% penetration headroom (1 - penetration); momentum used only as a tie-breaker, not a separate weight","Prioritize IA for RCM outreach: score 45.9, latest enrollment 267,180, growth 6.56%, penetration 37.2%."
WI,2024-01-01,735636.0,2026-05-01,787854.0,52218.0,0.0709834755232207,0.0024611982780005,0.3723354179275099,1359136.0,0.5697501942410472,0.4,0.7818181818181819,0.8571428571428571,0.1428571428571429,0.38181818181818183,45.03,"Weighted CMS ranking: 45% growth rate, 30% enrollment scale, 25% penetration headroom (1 - penetration); momentum used only as a tie-breaker, not a separate weight","Prioritize WI for RCM outreach: score 45.0, latest enrollment 787,854, growth 7.10%, penetration 57.0%."
SD,2024-01-01,67948.0,2026-05-01,72412.0,4464.0,0.065697297933714,0.0025574658713415,0.6326687855147838,204816.0,0.33213225529255525,0.36363636363636365,0.16363636363636364,0.14285714285714285,0.8571428571428572,0.4727272727272727,42.7,"Weighted CMS ranking: 45% growth rate, 30% enrollment scale, 25% penetration headroom (1 - penetration); momentum used only as a tie-breaker, not a separate weight","Prioritize SD for RCM outreach: score 42.7, latest enrollment 72,412, growth 6.57%, penetration 33.2%."
WV,2024-01-01,240201.0,2026-05-01,259302.0,19101.0,0.0795209012452071,0.0027471144752579,0.4445740956826137,456095.0,0.5643626875979785,0.5818181818181818,0.36363636363636365,0.7959183673469388,0.20408163265306123,0.5818181818181818,42.19,"Weighted CMS ranking: 45% growth rate, 30% enrollment scale, 25% penetration headroom (1 - penetration); momentum used only as a tie-breaker, not a separate weight","Prioritize WV for RCM outreach: score 42.2, latest enrollment 259,302, growth 7.95%, penetration 56.4%."
KS,2024-01-01,191792.0,2026-05-01,203911.0,12119.0,0.0631882455993993,0.002224267159273,0.6140550498482878,605055.0,0.33519101569278825,0.2545454545454545,0.3090909090909091,0.16326530612244897,0.8367346938775511,0.2545454545454545,41.65,"Weighted CMS ranking: 45% growth rate, 30% enrollment scale, 25% penetration headroom (1 - penetration); momentum used only as a tie-breaker, not a separate weight","Prioritize KS for RCM outreach: score 41.6, latest enrollment 203,911, growth 6.32%, penetration 33.5%."
CO,2024-01-01,533762.0,2026-05-01,567914.0,34152.0,0.063983573203038,0.0022305243665402,0.5318099933630416,1075241.0,0.5173230931484197,0.2727272727272727,0.6,0.5510204081632653,0.44897959183673475,0.2727272727272727,41.5,"Weighted CMS ranking: 45% growth rate, 30% enrollment scale, 25% penetration headroom (1 - penetration); momentum used only as a tie-breaker, not a separate weight","Prioritize CO for RCM outreach: score 41.5, latest enrollment 567,914, growth 6.40%, penetration 51.7%."
AL,2024-01-01,655672.0,2026-05-01,702530.0,46858.0,0.0714656108542075,0.0024702119299935,0.5255156545320075,1137190.0,0.6102832420263984,0.43636363636363634,0.6909090909090909,0.9591836734693877,0.04081632653061229,0.4,41.38,"Weighted CMS ranking: 45% growth rate, 30% enrollment scale, 25% penetration headroom (1 - penetration); momentum used only as a tie-breaker, not a separate weight","Prioritize AL for RCM outreach: score 41.4, latest enrollment 702,530, growth 7.15%, penetration 61.0%."
KY,2024-01-01,522452.0,2026-05-01,559602.0,37150.0,0.0711070107875938,0.0025530213688336,0.4908857934113173,1004565.0,0.5519075420704485,0.41818181818181815,0.5636363636363636,0.7755102040816326,0.22448979591836737,0.45454545454545453,41.34,"Weighted CMS ranking: 45% growth rate, 30% enrollment scale, 25% penetration headroom (1 - penetration); momentum used only as a tie-breaker, not a separate weight","Prioritize KY for RCM outreach: score 41.3, latest enrollment 559,602, growth 7.11%, penetration 55.2%."
ME,2024-01-01,212624.0,2026-05-01,229665.0,17041.0,0.0801461735269772,0.0027889197425048,0.4834347532116295,387299.0,0.5725395624569132,0.6,0.32727272727272727,0.8979591836734694,0.10204081632653061,0.6,39.37,"Weighted CMS ranking: 45% growth rate, 30% enrollment scale, 25% penetration headroom (1 - penetration); momentum used only as a tie-breaker, not a separate weight","Prioritize ME for RCM outreach: score 39.4, latest enrollment 229,665, growth 8.01%, penetration 57.3%."
NH,2024-01-01,115440.0,2026-05-01,111518.0,-3922.0,-0.0339743589743589,-0.0005183809063717,0.431113662456946,356419.0,0.29127796217373375,0.09090909090909091,0.21818181818181817,0.10204081632653061,0.8979591836734694,0.07272727272727272,33.09,"Weighted CMS ranking: 45% growth rate, 30% enrollment scale, 25% penetration headroom (1 - penetration); momentum used only as a tie-breaker, not a separate weight","Prioritize NH for RCM outreach: score 33.1, latest enrollment 111,518, growth -3.40%, penetration 29.1%."
OR,2024-01-01,511290.0,2026-05-01,524937.0,13647.0,0.0266913102153376,0.0009556191516385,0.57243195785777,964487.0,0.5352482718792477,0.16363636363636364,0.5272727272727272,0.6122448979591837,0.3877551020408163,0.14545454545454545,32.88,"Weighted CMS ranking: 45% growth rate, 30% enrollment scale, 25% penetration headroom (1 - penetration); momentum used only as a tie-breaker, not a separate weight","Prioritize OR for RCM outreach: score 32.9, latest enrollment 524,937, growth 2.67%, penetration 53.5%."
ID,2024-01-01,186329.0,2026-05-01,190381.0,4052.0,0.0217464806873862,0.0012335077032362,0.57783988163735,409894.0,0.4311700098074136,0.14545454545454545,0.2909090909090909,0.32653061224489793,0.6734693877551021,0.16363636363636364,32.11,"Weighted CMS ranking: 45% growth rate, 30% enrollment scale, 25% penetration headroom (1 - penetration); momentum used only as a tie-breaker, not a separate weight","Prioritize ID for RCM outreach: score 32.1, latest enrollment 190,381, growth 2.17%, penetration 43.1%."
VI,2024-01-01,5653.0,2026-05-01,5701.0,48.0,0.0084910666902529,0.0003053955141305,0.5084745762711864,,,0.10909090909090909,0.07272727272727272,0.0,1.0,0.10909090909090909,32.09,"Weighted CMS ranking: 45% growth rate, 30% enrollment scale, 25% penetration headroom (1 - penetration); momentum used only as a tie-breaker, not a separate weight","Prioritize VI for RCM outreach: score 32.1, latest enrollment 5,701, growth 0.85%, penetration nan%."
MN,2024-01-01,671332.0,2026-05-01,681331.0,9999.0,0.014894269899245,0.0007639930349097,0.5188809161411901,1191677.0,0.547352176806299,0.12727272727272726,0.6545454545454545,0.7346938775510204,0.26530612244897955,0.12727272727272726,32.0,"Weighted CMS ranking: 45% growth rate, 30% enrollment scale, 25% penetration headroom (1 - penetration); momentum used only as a tie-breaker, not a separate weight","Prioritize MN for RCM outreach: score 32.0, latest enrollment 681,331, growth 1.49%, penetration 54.7%."
WY,2024-01-01,20832.0,2026-05-01,19710.0,-1122.0,-0.0538594470046083,2.947894574482714e-05,0.7039510294936004,131640.0,0.13710118505013674,0.07272727272727272,0.09090909090909091,0.04081632653061224,0.9591836734693877,0.09090909090909091,29.98,"Weighted CMS ranking: 45% growth rate, 30% enrollment scale, 25% penetration headroom (1 - penetration); momentum used only as a tie-breaker, not a separate weight","Prioritize WY for RCM outreach: score 30.0, latest enrollment 19,710, growth -5.39%, penetration 13.7%."
VT,2024-01-01,52113.0,2026-05-01,20684.0,-31429.0,-0.603093278068812,-0.0210810138239935,0.5886102847428815,168956.0,0.12127417789246904,0.01818181818181818,0.10909090909090909,0.02040816326530612,0.9795918367346939,0.01818181818181818,28.58,"Weighted CMS ranking: 45% growth rate, 30% enrollment scale, 25% penetration headroom (1 - penetration); momentum used only as a tie-breaker, not a separate weight","Prioritize VT for RCM outreach: score 28.6, latest enrollment 20,684, growth -60.31%, penetration 12.1%."
AS,2024-01-01,116.0,2026-05-01,72.0,-44.0,-0.3793103448275862,-0.0136457077756648,0.8984375,,,0.05454545454545454,0.03636363636363636,0.0,1.0,0.05454545454545454,28.55,"Weighted CMS ranking: 45% growth rate, 30% enrollment scale, 25% penetration headroom (1 - penetration); momentum used only as a tie-breaker, not a separate weight","Prioritize AS for RCM outreach: score 28.6, latest enrollment 72, growth -37.93%, penetration nan%."
PR,2024-01-01,652651.0,2026-05-01,679139.0,26488.0,0.0405852438745976,0.0014243600442255,0.3372235872235872,795896.0,0.8444658598610874,0.18181818181818182,0.6363636363636364,1.0,0.0,0.18181818181818182,27.27,"Weighted CMS ranking: 45% growth rate, 30% enrollment scale, 25% penetration headroom (1 - penetration); momentum used only as a tie-breaker, not a separate weight","Prioritize PR for RCM outreach: score 27.3, latest enrollment 679,139, growth 4.06%, penetration 84.4%."
GU,2024-01-01,65.0,2026-05-01,38.0,-27.0,-0.4153846153846154,-0.0165430218355965,0.9597501734906316,,,0.03636363636363636,0.01818181818181818,0.0,1.0,0.03636363636363636,27.18,"Weighted CMS ranking: 45% growth rate, 30% enrollment scale, 25% penetration headroom (1 - penetration); momentum used only as a tie-breaker, not a separate weight","Prioritize GU for RCM outreach: score 27.2, latest enrollment 38, growth -41.54%, penetration nan%."
HI,2024-01-01,162512.0,2026-05-01,169149.0,6637.0,0.0408400610416461,0.0014339159165214,0.6214511041009464,314394.0,0.5353410052354689,0.2,0.2727272727272727,0.6326530612244898,0.36734693877551017,0.2,26.37,"Weighted CMS ranking: 45% growth rate, 30% enrollment scale, 25% penetration headroom (1 - penetration); momentum used only as a tie-breaker, not a separate weight","Prioritize HI for RCM outreach: score 26.4, latest enrollment 169,149, growth 4.08%, penetration 53.5%."
RI,2024-01-01,142020.0,2026-05-01,151165.0,9145.0,0.064392339107168,0.0022392380921647,0.3923578751164958,250171.0,0.6011528114769498,0.2909090909090909,0.2545454545454545,0.9387755102040817,0.061224489795918324,0.2909090909090909,22.26,"Weighted CMS ranking: 45% growth rate, 30% enrollment scale, 25% penetration headroom (1 - penetration); momentum used only as a tie-breaker, not a separate weight","Prioritize RI for RCM outreach: score 22.3, latest enrollment 151,165, growth 6.44%, penetration 60.1%."
