n_months_history,n_backtest_splits,mean_mase_linear_drift,mean_mase_naive_baseline,beats_naive,forecast_total_next_3m,forecast_month_1,forecast_month_2,forecast_month_3,state,county,parent_state_reconciled_forecast,share_of_state_forecast
29,15,0.6531329623820538,1.747237523998144,True,2951483.7857142854,980898.4642857143,983827.9285714285,986757.3928571428,CA,Los Angeles,11215238.999999998,0.2631672660488364
29,15,2.2996230622605833,2.864196702215944,True,1270761.8571428573,422671.64285714284,423587.28571428574,424502.9285714286,AZ,Maricopa,2429459.571428571,0.5230635949194347
29,15,1.2623454157148677,2.534795225636117,True,1227658.0714285714,408049.1785714286,409219.35714285716,410389.53571428574,TX,Harris,8295107.142857141,0.14799785587889594
29,15,1.6206547245372314,1.9799600164017657,True,1206547.2857142857,401382.71428571426,402182.4285714286,402982.14285714284,IL,Cook,3296199.6428571423,0.3660419320561699
29,15,1.6554948057444958,1.8344114743609687,True,1189030.2857142857,395691.21428571426,396343.4285714286,396995.64285714284,FL,Miami-Dade,9218636.357142856,0.12898114641358988
29,15,0.716420190600639,1.5045902166129157,True,1019706.4285714286,338905.5714285714,339902.14285714284,340898.71428571426,CA,Orange,11215238.999999998,0.09092150676159722
29,15,1.1563418591675056,2.371929418828248,True,1009947.6428571427,335864.10714285716,336649.21428571426,337434.3214285714,CA,San Diego,11215238.999999998,0.0900513705376357
29,15,0.9545743259327051,1.5986956210534984,True,864872.7857142857,287427.46428571426,288290.9285714286,289154.39285714284,CA,Riverside,11215238.999999998,0.0771158586735678
29,15,0.9595428709602685,1.4967370414466308,True,780108.4285714286,259054.07142857142,260036.14285714287,261018.2142857143,NY,Queens,6546298.714285714,0.11916786303518821
29,15,1.4373632141466648,1.7168165156162665,True,740748.4285714286,246439.07142857142,246916.14285714287,247393.2142857143,FL,Broward,9218636.357142856,0.08035336245772143
29,15,1.485421588909966,2.3346260492776802,True,734167.5,244018.25,244722.5,245426.75,NV,Clark,990447.8571428572,0.7412480068540422
29,15,1.0173730223125208,1.288719717151107,True,720736.7142857143,239407.2857142857,240245.57142857142,241083.85714285713,NY,Kings,6546298.714285714,0.11009835416047861
29,15,0.6542379996781471,1.6437217693635873,True,713768.7857142857,237195.9642857143,237922.92857142858,238649.89285714287,CA,San Bernardino,11215238.999999998,0.06364276193438996
29,15,2.1721493286424534,2.033615782405391,False,693066.6428571428,230535.60714285713,231022.2142857143,231508.82142857142,MI,Wayne,4457599.928571428,0.1554797770017142
29,15,1.035693463547964,2.4266357157376732,True,607774.7142857143,202028.7857142857,202591.57142857142,203154.35714285713,TX,Bexar,8295107.142857141,0.07326906136577933
29,15,1.7590235863041173,2.557280857452089,True,603481.7142857143,200625.2857142857,201160.57142857142,201695.85714285713,TX,Dallas,8295107.142857141,0.07275152736337688
29,15,1.0944600937294688,0.8267417497600861,False,597946.5,198642.25,199315.5,199988.75,WA,King,2377795.071428571,0.2514709981465122
29,15,3.191698436518563,3.179706046362362,False,588317.1428571428,195827.35714285713,196105.7142857143,196384.07142857142,PA,Allegheny,4998721.499999999,0.11769352280520988
29,15,1.0708569750690393,2.282467988930164,True,559142.1428571428,185701.85714285713,186380.7142857143,187059.57142857142,CA,Sacramento,11215238.999999998,0.04985557087612158
29,15,1.2722927571653786,2.6526207027960123,True,549635.3571428572,182784.89285714287,183211.7857142857,183638.67857142858,TX,Tarrant,8295107.142857141,0.06626018780434251
29,15,1.58593399813108,2.098645927414746,True,539235.8571428572,179420.64285714287,179745.2857142857,180069.92857142858,FL,Palm Beach,9218636.357142856,0.058494102191702375
29,15,1.5787362105281593,2.1525094446143673,True,516025.07142857136,171633.67857142858,172008.35714285713,172383.0357142857,FL,Hillsborough,9218636.357142856,0.0559762910084571
29,15,0.7796061931303524,1.210236099696123,True,506391.0,168189.0,168797.0,169405.0,NY,Bronx,6546298.714285714,0.07735531513325601
29,15,2.2616950507697315,1.8968910979637503,False,489004.92857142864,162748.82142857142,163001.64285714287,163254.4642857143,OH,Cuyahoga,4483255.499999999,0.10907362486287671
29,15,1.944148792253141,2.228627091106429,True,487813.2857142857,162236.2142857143,162604.42857142858,162972.64285714287,PA,Philadelphia,4998721.499999999,0.09758761029480954
