n_months_history,n_backtest_splits,mean_mase_linear_drift,mean_mase_naive_baseline,beats_naive,forecast_total_next_3m,forecast_month_1,forecast_month_2,forecast_month_3,state,reconciled_forecast_total_next_3m
29,15,1.0882328103523309,1.8156758197534828,True,11215239.0,3728469.0,3738413.0,3748357.0,CA,11215238.999999998
29,15,1.3545782529279873,2.281457110406839,True,9218636.357142858,3065550.3928571427,3072878.785714286,3080207.1785714286,FL,9218636.357142856
29,15,1.1871854206990873,2.601636544829542,True,8295107.142857142,2756561.3571428573,2765035.714285714,2773510.0714285714,TX,8295107.142857141
29,15,1.995438467748999,2.0565013891503066,True,6546298.714285715,2175550.785714286,2182099.5714285714,2188648.3571428573,NY,6546298.714285714
29,15,2.204266315405109,2.4644522536642355,True,4998721.5,1662091.75,1666240.5,1670389.25,PA,4998721.499999999
29,15,1.8662815689649754,1.9489862361817714,True,4483255.5,1491149.75,1494418.5,1497687.25,OH,4483255.499999999
29,15,1.80311662645579,1.9878503553766937,True,4457599.928571429,1481745.8214285714,1485866.642857143,1489987.4642857143,MI,4457599.928571428
29,15,1.353459604421711,2.155138182262514,True,4064257.928571429,1349764.3214285714,1354752.642857143,1359740.9642857143,NC,4064257.9285714286
29,15,1.7861637306934346,2.3073553043971673,True,3435281.571428571,1141971.4285714286,1145093.857142857,1148216.2857142857,GA,3435281.5714285704
29,15,1.7507613754101041,2.358364566687265,True,3296199.6428571427,1096109.607142857,1098733.2142857143,1101356.8214285714,IL,3296199.6428571423
29,15,1.8206429240836928,2.2495136888879728,True,2469114.2142857146,821239.0357142857,823038.0714285715,824837.1071428572,TN,2469114.214285714
29,15,1.8491080651593377,2.5145147446803366,True,2429459.5714285714,807617.9285714285,809819.8571428572,812021.7857142857,AZ,2429459.571428571
29,15,1.032637233532742,1.0231203821885126,False,2377795.0714285714,789927.6785714285,792598.3571428572,795269.0357142857,WA,2377795.071428571
29,15,1.8294477416448125,2.1041550918561205,True,2374751.5714285714,789718.9285714285,791583.8571428572,793448.7857142857,WI,2374751.571428571
29,15,1.2926607204241074,2.307792714892711,True,2298814.5,764102.25,766271.5,768440.75,NJ,2298814.4999999995
29,15,1.5228449746514263,2.206502033624035,True,2255951.1428571427,750064.3571428572,751983.7142857143,753903.0714285715,MO,2255951.1428571423
29,15,1.860210394348086,2.3622795999236663,True,2191187.3571428573,728348.8928571428,730395.7857142857,732442.6785714285,IN,2191187.357142857
29,15,1.4167642148083288,2.2935009022351385,True,2117631.0,704203.5,705877.0,707550.5,AL,2117630.9999999995
29,15,1.8149461256557686,2.434910924199828,True,2093841.4285714286,695680.5714285715,697947.1428571428,700213.7142857143,VA,2093841.4285714284
29,15,5.183571946642101,5.499202839277254,True,2046135.6428571427,681688.1071428572,682045.2142857143,682402.3214285715,MN,2046135.6428571425
29,15,0.9930362412258841,1.865173035110093,True,2043093.0,680085.0,681031.0,681977.0,PR,2043092.9999999998
29,15,1.6930901484036085,2.479042676890711,True,1809994.0714285714,601431.6785714285,603331.3571428572,605231.0357142857,SC,1809994.0714285711
29,15,2.3328812198601123,2.375397555724244,True,1711060.2857142854,569133.7142857143,570353.4285714285,571573.1428571428,CO,1711060.2857142852
29,15,1.5208531605435072,2.1467967696340184,True,1691036.7857142854,562068.4642857143,563678.9285714285,565289.3928571428,LA,1691036.7857142852
29,15,2.454069823826126,2.5751209333728866,True,1686766.7142857146,560928.7857142857,562255.5714285715,563582.3571428572,KY,1686766.7142857143
29,15,2.3201617013344924,2.9390098438041092,True,1631436.4285714286,542686.5714285715,543812.1428571428,544937.7142857143,MA,1631436.4285714284
29,15,1.839761468451927,1.4949445900989535,False,1577735.3571428573,525424.3928571428,525911.7857142857,526399.1785714285,OR,1577735.357142857
29,15,2.7452572265508968,2.5588566999192635,False,1316369.1428571427,437953.85714285716,438789.71428571426,439625.5714285714,CT,1316369.1428571425
29,15,1.8326796522839786,2.5587007625425904,True,1064216.5714285714,353571.4285714286,354738.85714285716,355906.28571428574,OK,1064216.5714285711
29,15,1.466806916344921,2.2817667606774923,True,990447.8571428573,329197.14285714284,330149.28571428574,331101.4285714286,NV,990447.8571428572
29,15,1.7127028735034031,2.309873920925607,True,986102.1428571427,327810.85714285716,328700.71428571426,329590.5714285714,AR,986102.1428571426
29,15,1.313973401559963,1.9303204478604705,True,898268.7857142857,298317.96428571426,299422.9285714286,300527.89285714284,MS,898268.7857142856
29,15,3.9597650324204006,3.579005513154288,False,895956.8571428573,297533.64285714284,298652.28571428574,299770.9285714286,MD,895956.8571428572
29,15,1.2146861978250374,2.0931291801153846,True,815293.2857142857,270530.71428571426,271764.4285714286,272998.14285714284,UT,815293.2857142856
29,15,2.887906947562647,2.9923473184713236,True,805063.0714285714,267767.1785714286,268354.35714285716,268941.53571428574,IA,805063.0714285712
29,15,3.01100741199446,2.917172620553813,False,781999.0714285714,259984.17857142858,260666.35714285713,261348.5357142857,WV,781999.0714285712
29,15,1.3943025730376468,1.6462953253852508,True,728611.0714285714,242264.67857142858,242870.35714285713,243476.0357142857,NM,728611.0714285712
29,15,2.0649849323086715,2.320784093687052,True,692646.6428571428,230273.60714285713,230882.2142857143,231490.82142857142,ME,692646.6428571427
29,15,1.4566253165054113,1.6349016943732375,True,614329.9285714286,204343.82142857142,204776.64285714287,205209.4642857143,KS,614329.9285714285
29,15,4.822121568430682,4.849922283198293,True,572011.2857142857,190525.7142857143,190670.42857142858,190815.14285714287,ID,572011.2857142856
29,15,1.2773488363167471,1.5120393104339191,True,508869.2142857143,169386.0357142857,169623.07142857142,169860.10714285713,HI,508869.21428571426
29,15,1.4617915889887136,1.8013259722318042,True,455454.64285714284,151491.60714285713,151818.2142857143,152144.82142857142,RI,455454.6428571428
29,15,0.8772524249903906,1.9177586444684602,True,411122.35714285716,136703.89285714287,137040.7857142857,137377.67857142858,NE,411122.3571428571
29,15,6.19478923928331,6.036437400893586,False,333713.5714285714,111377.92857142857,111237.85714285714,111097.78571428571,NH,333713.57142857136
29,15,3.124347164902121,3.103221583393674,False,253981.5,84370.75,84660.5,84950.25,DE,253981.49999999997
29,15,2.4623311855425247,2.3956528300383177,False,243079.28571428568,80822.71428571429,81026.42857142857,81230.14285714286,MT,243079.28571428565
29,15,4.199535052784422,4.13665490722676,False,218192.57142857142,72571.42857142857,72730.85714285714,72890.28571428571,SD,218192.5714285714
29,15,2.2763539193013442,2.32555688989631,True,164523.2142857143,54613.53571428572,54841.07142857143,55068.607142857145,ND,164523.21428571426
29,15,2.714045712809311,2.494764120346072,False,102288.42857142858,34019.07142857143,34096.142857142855,34173.21428571428,DC,102288.42857142857
29,15,6.307899667712278,5.537809275462823,False,58889.57142857142,19669.928571428572,19629.85714285714,19589.785714285714,WY,58889.57142857141
29,15,9.264621778519352,8.82633687384315,False,55317.21428571429,19561.535714285714,18439.071428571428,17316.60714285714,VT,55317.21428571428
29,15,1.1063021648500466,1.0719441412756685,False,17113.285714285714,5702.714285714285,5704.428571428572,5706.142857142857,VI,17113.28571428571
29,15,2.586101801361053,2.0489510310960863,False,7773.0,2578.0,2591.0,2604.0,AK,7772.999999999999
29,15,1.0617083631879602,0.8140079071079906,False,206.57142857142856,70.42857142857143,68.85714285714286,67.28571428571429,AS,206.57142857142853
29,15,1.2131559613572047,1.176576197775583,False,108.21428571428572,37.035714285714285,36.07142857142857,35.107142857142854,GU,108.21428571428571
29,15,2.0,0.0,False,-3.0,-0.5,-1.0,-1.5,MP,-2.9999999999999996
