report_month,report_month_label,enrolled_base,enrolled_low,enrolled_high,source_rows,suppressed_rows,suppressed_row_share,enrolled_bound_width
2024-01-01,2024-01,33476930.0,33476930.0,33578490.0,20668,10156,0.491387652409522,101560.0
2024-02-01,2024-02,33668720.0,33668720.0,33768230.0,20602,9951,0.48301135812057083,99510.0
2024-03-01,2024-03,33805563.0,33805563.0,33905543.0,20548,9998,0.48656803581857117,99980.0
2024-04-01,2024-04,33899765.0,33899765.0,33999085.0,20549,9932,0.48333252226385715,99320.0
2024-05-01,2024-05,34053017.0,34053017.0,34146477.0,20514,9346,0.4555913035000487,93460.0
2024-06-01,2024-06,34103353.0,34103353.0,34201343.0,20478,9799,0.4785135267115929,97990.0
2024-07-01,2024-07,34165602.0,34165602.0,34264772.0,20482,9917,0.48418123230153304,99170.0
2024-08-01,2024-08,34254978.0,34254978.0,34353828.0,20480,9885,0.482666015625,98850.0
2024-09-01,2024-09,34340926.0,34340926.0,34437006.0,20491,9608,0.4688887804401933,96080.0
2024-10-01,2024-10,34419506.0,34419506.0,34516456.0,20443,9695,0.4742454629946681,96950.0
2024-11-01,2024-11,34506935.0,34506935.0,34606355.0,20456,9942,0.4860187719984357,99420.0
2024-12-01,2024-12,34520330.0,34520330.0,34620300.0,20414,9997,0.4897129420985598,99970.0
2025-01-01,2025-01,34464394.0,34464394.0,34562494.0,20049,9810,0.48930121203052523,98100.0
2025-02-01,2025-02,34944122.0,34944122.0,35043262.0,20041,9914,0.4946858939174692,99140.0
2025-03-01,2025-03,35074366.0,35074366.0,35172546.0,19995,9818,0.49102275568892223,98180.0
2025-04-01,2025-04,35174779.0,35174779.0,35272259.0,20007,9748,0.48722946968561004,97480.0
2025-05-01,2025-05,35251966.0,35251966.0,35349976.0,19988,9801,0.49034420652391436,98010.0
2025-06-01,2025-06,35370719.0,35370719.0,35467949.0,19990,9723,0.48639319659829916,97230.0
2025-07-01,2025-07,35442290.0,35442290.0,35541010.0,20012,9872,0.4933040175894463,98720.0
2025-08-01,2025-08,35539506.0,35539506.0,35636996.0,19993,9749,0.48762066723353176,97490.0
2025-09-01,2025-09,35587333.0,35587333.0,35683733.0,19824,9640,0.48627925746569817,96400.0
2025-10-01,2025-10,35638914.0,35638914.0,35734694.0,19773,9578,0.48439791635057905,95780.0
2025-11-01,2025-11,35692488.0,35692488.0,35785418.0,19557,9293,0.47517512910978166,92930.0
2025-12-01,2025-12,35701587.0,35701587.0,35796677.0,19567,9509,0.4859712781724332,95090.0
2026-01-01,2026-01,35318889.0,35318889.0,35431499.0,21104,11261,0.533595526914329,112610.0
2026-02-01,2026-02,35817495.0,35817495.0,35931255.0,21102,11376,0.5390958203013932,113760.0
2026-03-01,2026-03,35946400.0,35946400.0,36060400.0,21107,11400,0.5401051783768418,114000.0
2026-04-01,2026-04,36003039.0,36003039.0,36116659.0,21088,11362,0.5387898330804249,113620.0
2026-05-01,2026-05,36083281.0,36083281.0,36196101.0,21076,11282,0.5353008160941355,112820.0
