parent_organization,enrolled_first,enrolled_latest,contracts_continuing,contracts_new,contracts_terminated,growth_abs,growth_pct,index,matched_members,high_exposure_members,avg_exposure_score_member_weighted,high_exposure_member_share,pa_match_rate,pa_match_rate_flagged,growth_rank,scale_rank,pa_burden_rank,priority_score,eligible_for_ranking
"Devoted Health, Inc.",202630.0,506151.0,24,18,0,303521.0,1.4979075161624635,96.0,516404.0,0.0,0.5478936148829212,0.0,1.0202568008361141,False,0.8833922261484098,0.9654088050314465,0.9424920127795527,92.57,True
Astiva Health Holdings Incorporated,8506.0,48070.0,1,0,0,39564.0,4.651304961203856,21.0,48070.0,9834.0,0.7289827980029122,0.2045766590389016,1.0,False,0.9434628975265018,0.7578616352201258,0.9904153354632588,90.19,True
Visiting Nurse Service of New York,9361.0,65206.0,1,0,0,55845.0,5.965708791795748,304.0,65206.0,0.0,0.4608948363647517,0.0,1.0,False,0.9681978798586572,0.7924528301886793,0.9009584664536742,89.53,True
Imperial Health Plan of California,9760.0,51989.0,1,0,0,42229.0,4.326741803278688,150.0,51989.0,0.0,0.5618,0.0,1.0,False,0.9399293286219081,0.7735849056603774,0.9568690095846646,89.51,True
SCAN Group,283660.0,453494.0,8,2,0,169834.0,0.5987238242966932,251.0,453494.0,69503.0,0.7240084872126201,0.15326112363118366,1.0,False,0.7561837455830389,0.9559748427672956,0.987220447284345,88.54,True
"Zing Health Consolidator, Inc",6073.0,41639.0,2,0,0,35566.0,5.856413634118228,312.0,41639.0,0.0,0.49440000000000006,0.0,1.0,False,0.9611307420494699,0.7547169811320755,0.9137380191693291,88.5,True
"Alignment Healthcare USA, LLC",212144.0,357754.0,7,1,0,145610.0,0.68637340674259,8.0,357754.0,0.0,0.6413041103663412,0.0,1.0,False,0.7809187279151943,0.9276729559748428,0.9776357827476039,88.4,True
"Clever Care Health Plan, Inc.",20154.0,49120.0,1,0,0,28966.0,1.4372333035625682,78.0,49120.0,0.0,0.7006909588762215,0.0,1.0,False,0.8763250883392226,0.7641509433962265,0.9840255591054313,87.5,True
"Network Health, Inc.",124550.0,228969.0,3,0,0,104419.0,0.8383701324769169,213.0,228969.0,0.0,0.5293966563159206,0.0,1.0,False,0.7950530035335689,0.8930817610062893,0.9297124600638977,86.49,True
"DOCTORS HEALTHCARE PLANS, INC.",10786.0,25298.0,1,0,0,14512.0,1.345447802707213,94.0,25298.0,0.0,0.5559991185073918,0.0,1.0,False,0.8657243816254417,0.7169811320754716,0.952076677316294,84.7,True
CareSource,19494.0,79277.0,4,1,0,59783.0,3.0667384836359908,61.0,79277.0,0.0,0.34460893197270326,0.0,1.0,False,0.9293286219081273,0.8050314465408805,0.7476038338658147,83.75,True
"Universal Health Services, Inc.",28842.0,51740.0,2,1,0,22898.0,0.7939116566118855,293.0,51740.0,0.0,0.5356475260919984,0.0,1.0,False,0.7915194346289752,0.7704402515723271,0.9329073482428115,82.76,True
Thomas Jefferson University,13953.0,31631.0,2,1,0,17678.0,1.2669676772020355,280.0,31631.0,0.0,0.4042909550757169,0.0,1.0,False,0.8621908127208481,0.7264150943396226,0.8274760383386581,81.1,True
"Healthfirst, Inc.",313372.0,402382.0,4,0,0,89010.0,0.28403941641244274,135.0,402382.0,0.0,0.6288068278402116,0.0,1.0,False,0.5724381625441696,0.9433962264150944,0.9744408945686901,80.43,True
Local Initiative Health Authority for LA County,19694.0,31179.0,1,0,0,11485.0,0.5831725398598558,174.0,31179.0,0.0,0.4831,0.0,1.0,False,0.7455830388692579,0.7232704402515723,0.9105431309904153,78.84,True
"Clover Health Holdings, Inc.",81326.0,157862.0,2,0,0,76536.0,0.9411012468337309,79.0,157862.0,0.0,0.2923210221585942,0.0,1.0,False,0.8127208480565371,0.8616352201257862,0.6773162939297125,78.68,True
Blue Cross Blue Shield of Kansas,78084.0,208626.0,2,0,0,130542.0,1.6718149684954664,38.0,208626.0,0.0,0.02095988611198988,0.0,1.0,False,0.8975265017667845,0.8836477987421384,0.48242811501597443,76.88,True
"CareFirst, Inc.",75782.0,151171.0,2,1,0,75389.0,0.9948140719432055,59.0,151171.0,0.0,0.23561546262179914,0.0,1.0,False,0.8197879858657244,0.8553459119496856,0.5782747603833865,75.8,True
Sharp Healthcare,14647.0,19733.0,1,0,0,5086.0,0.34723834232265993,266.0,19733.0,15191.0,0.7513036031014038,0.7698271930269093,1.0,False,0.6219081272084805,0.6981132075471698,0.9936102236421726,75.63,True
Blue Cross Blue Shield of Arizona,27682.0,49524.0,2,0,0,21842.0,0.7890325843508417,37.0,49524.0,0.0,0.31259198772312413,0.0,1.0,False,0.7879858657243817,0.7672955974842768,0.6932907348242812,75.34,True
"BayCare Health System, Inc.",13544.0,21114.0,1,0,0,7570.0,0.5589190785587714,30.0,21114.0,0.0,0.3932999999999999,0.0,1.0,False,0.734982332155477,0.7075471698113207,0.8146964856230032,75.07,True
"Lifetime Healthcare, Inc.",296515.0,430979.0,6,0,0,134464.0,0.45348127413452943,172.0,430979.0,0.0,0.24893475830608916,0.0,1.0,False,0.6925795053003534,0.9528301886792453,0.610223642172524,74.59,True
Community Health Group,7037.0,10556.0,2,0,0,3519.0,0.5000710530055421,83.0,10556.0,0.0,0.4336155740810913,0.0,1.0,False,0.7102473498233216,0.6415094339622641,0.8690095846645367,73.73,True
"Ultimate Healthcare Holdings, LLC",15393.0,20748.0,1,0,0,5355.0,0.3478854024556617,290.0,20748.0,0.0,0.44772686524002314,0.0,1.0,False,0.6254416961130742,0.7044025157232704,0.8753993610223643,72.41,True
Allina Health and Aetna Insurance Holding Company,55469.0,72001.0,1,0,0,16532.0,0.29804034686040853,10.0,72001.0,0.0,0.3817220260829711,0.0,1.0,False,0.5936395759717314,0.8018867924528302,0.805111821086262,71.96,True
"Elderplan, Inc.",14466.0,26882.0,1,0,0,12416.0,0.8582884003871146,99.0,26882.0,0.0,0.23621915036083624,0.0,1.0,False,0.8056537102473498,0.720125786163522,0.5910543130990416,71.56,True
"Intermountain Health Care, Inc.",54514.0,68511.0,1,0,0,13997.0,0.25675973144513337,156.0,68511.0,0.0,0.4046727605785932,0.0,1.0,False,0.558303886925795,0.7987421383647799,0.8338658146964856,71.31,True
New York City Health and Hospitals Corporation,10315.0,13350.0,1,0,0,3035.0,0.2942317014057198,214.0,13350.0,0.0,0.4816192808988764,0.0,1.0,False,0.5795053003533569,0.6761006289308176,0.9073482428115016,70.68,True
"Rifkin Managed Care Holding, LLC",6577.0,12152.0,6,2,0,5575.0,0.8476509046677817,243.0,12152.0,0.0,0.25038466096115863,0.0,1.0,False,0.7985865724381626,0.6698113207547169,0.6134185303514377,70.44,True
USAble Mutual Insurance Company,106566.0,167926.0,4,0,0,61360.0,0.5757934050259933,289.0,171362.0,0.0,0.018717218519858546,0.0,1.0204613937091338,False,0.7420494699646644,0.8710691823899371,0.4792332268370607,70.19,True
BlueCross BlueShield of Tennessee,235898.0,266365.0,2,0,0,30467.0,0.12915327811172625,46.0,266365.0,0.0,0.5166515983706568,0.0,1.0,False,0.38869257950530034,0.89937106918239,0.9201277955271565,70.13,True
"MedImpact Holdings, Inc.",117526.0,305134.0,1,0,0,187608.0,1.5963106036111159,192.0,305134.0,0.0,0.0,0.0,1.0,False,0.8869257950530035,0.9182389937106918,0.2364217252396166,70.12,True
Centene Corporation,7333723.0,9942163.0,63,5,0,2608440.0,0.3556774642292871,66.0,10035324.0,3055.0,0.07157513158518848,0.0003044246503650505,1.0093702949750472,False,0.6289752650176679,0.9937106918238994,0.48881789137380194,69.63,True
Sanford Health,70886.0,94403.0,6,1,0,23517.0,0.33175803402646503,256.0,94403.0,0.0,0.2929599228838066,0.0,1.0,False,0.6148409893992933,0.8113207547169812,0.6805111821086262,69.35,True
Memorial Hermann Health System,9723.0,15093.0,1,0,0,5370.0,0.5522986732489972,195.0,15093.0,0.0,0.2579540647982509,0.0,1.0,False,0.7314487632508834,0.6855345911949685,0.6261980830670927,68.61,True
Henry Ford Health System,146233.0,198513.0,3,1,0,52280.0,0.3575116423789432,136.0,198513.0,0.0,0.18133587875857,0.0,1.0,False,0.6325088339222615,0.8805031446540881,0.5303514376996805,67.63,True
Baylor Scott & White Health,40844.0,57861.0,2,0,0,17017.0,0.41663402213299383,31.0,57861.0,0.0,0.1872108449560153,0.0,1.0,False,0.6784452296819788,0.7830188679245284,0.5335463258785943,66.63,True
Medica Holding Company,373114.0,473378.0,7,0,0,100264.0,0.26872215998327587,193.0,473378.0,0.0,0.05519083417480323,0.0,1.0,False,0.5653710247349824,0.9591194968553459,0.48562300319488816,65.96,True
Mitchell Family Office,7508.0,10599.0,11,1,0,3091.0,0.4116941928609483,202.0,10599.0,0.0,0.2809,0.0,1.0,False,0.6713780918727915,0.6446540880503144,0.6533546325878594,65.8,True
INLAND EMPIRE HEALTH PLAN,34738.0,38497.0,1,0,0,3759.0,0.10821002936265761,147.0,38497.0,0.0,0.5169,0.0,1.0,False,0.3462897526501767,0.7421383647798742,0.9233226837060703,63.82,True
St Francis Health System & St John Health System,33476.0,38631.0,1,0,0,5155.0,0.15399091886724817,269.0,38631.0,0.0,0.401694822810696,0.0,1.0,False,0.4098939929328622,0.7452830188679245,0.8242811501597445,63.48,True
"Kaiser Foundation Health Plan, Inc.",1924741.0,2221951.0,10,3,0,297210.0,0.15441558110935447,162.0,2221951.0,0.0,0.21023820079740732,0.0,1.0,False,0.4169611307420495,0.9811320754716981,0.549520766773163,62.6,True
"Longevity Health Founders, LLC",6134.0,7318.0,7,0,0,1184.0,0.19302249755461362,176.0,7318.0,0.0,0.382,0.0,1.0,False,0.47703180212014135,0.6163522012578616,0.8099041533546326,61.87,True
"LMC Family Holdings, LLC",39516.0,40362.0,1,0,0,846.0,0.02140904949893714,167.0,40362.0,40362.0,0.8074738120013875,1.0,1.0,False,0.2332155477031802,0.7515723270440252,0.9968051118210862,61.78,True
California Physicians' Service,340690.0,375503.0,5,0,0,34813.0,0.10218380345768881,54.0,375503.0,0.0,0.28091265609063043,0.0,1.0,False,0.3286219081272085,0.9308176100628931,0.6613418530351438,60.91,True
"Elevance Health, Inc. & BCBSMA & BCBSRI & BCBSVT",204067.0,285385.0,1,0,0,81318.0,0.3984867715015167,103.0,285385.0,0.0,0.0,0.0,1.0,False,0.657243816254417,0.9119496855345912,0.2364217252396166,60.74,True
Montage Health,7202.0,8447.0,1,0,0,1245.0,0.17286864759788947,205.0,8447.0,0.0,0.3483,0.0,1.0,False,0.45229681978798586,0.6257861635220126,0.768370607028754,59.92,True
"Health First Shared Services, Inc.",33274.0,37093.0,1,0,0,3819.0,0.11477429825088657,132.0,37093.0,0.0,0.35498935917828156,0.0,1.0,False,0.3568904593639576,0.7358490566037735,0.7795527156549521,59.74,True
Orange County Health Authority,17842.0,19034.0,2,0,0,1192.0,0.06680865373837014,220.0,19034.0,0.0,0.4542375170747084,0.0,1.0,False,0.2968197879858657,0.6949685534591195,0.8913738019169329,59.46,True
"Independence Health Group, Inc.",197966.0,219888.0,8,3,0,21922.0,0.11073618702201388,151.0,219888.0,0.0,0.2539042276067816,0.0,1.0,False,0.3498233215547703,0.8867924528301887,0.6166134185303515,59.1,True
SANTA CLARA COUNTY HEALTH AUTHORITY,10864.0,12012.0,1,0,0,1148.0,0.1056701030927835,249.0,12012.0,0.0,0.41569999999999996,0.0,1.0,False,0.3392226148409894,0.6666666666666666,0.8402555910543131,58.78,True
"MVP Health Care, Inc.",112516.0,108122.0,3,0,0,-4394.0,-0.039052223683742754,186.0,108122.0,5631.0,0.4960647722017721,0.052080057712583935,1.0,False,0.14487632508833923,0.8176100628930818,0.9169329073482428,57.83,True
CHRISTUS Health,5578.0,9149.0,1,0,0,3571.0,0.6401936177841521,52.0,9149.0,0.0,0.0,0.0,1.0,False,0.7703180212014135,0.6352201257861635,0.2364217252396166,56.96,True
BlueCross BlueShield of South Carolina (BCBSSC),140277.0,158143.0,2,0,0,17866.0,0.12736229032557012,45.0,158143.0,0.0,0.13086143553619192,0.0,1.0,False,0.38162544169611307,0.8679245283018868,0.4952076677316294,56.16,True
Blue Cross & Blue Shield of Rhode Island,122880.0,124901.0,2,0,0,2021.0,0.016446940104166665,36.0,124901.0,0.0,0.3266211647624919,0.0,1.0,False,0.2226148409893993,0.839622641509434,0.7252396166134185,55.85,True
PacificSource,56908.0,59628.0,2,1,0,2720.0,0.04779644338230126,230.0,59618.0,0.0,0.31798735281290885,0.0,0.9998322935533642,False,0.2756183745583039,0.7861635220125787,0.7060702875399361,55.79,True
Chinese Hospital Association,5655.0,5798.0,1,0,0,143.0,0.02528735632183908,76.0,5798.0,0.0,0.5176649361848913,0.0,1.0,False,0.24028268551236748,0.60062893081761,0.9265175718849841,55.43,True
Lumeris Group Holdings Corporation,64991.0,66319.0,2,0,0,1328.0,0.020433598498253606,181.0,66319.0,0.0,0.3423888387943123,0.0,1.0,False,0.22968197879858657,0.7955974842767296,0.744408945686901,55.39,True
General Catalyst Group Management Holdings LP,86669.0,97807.0,1,0,0,11138.0,0.12851192467895095,119.0,101613.0,0.0,0.1663341599992127,0.0,1.0389133702086764,False,0.38515901060070673,0.8144654088050315,0.5175718849840255,55.37,True
Providence St Joseph Health,68117.0,65046.0,1,0,0,-3071.0,-0.045084193373166756,239.0,65046.0,0.0,0.4212587922393384,0.0,1.0,False,0.13074204946996468,0.789308176100629,0.8594249201277955,54.69,True
"Horizon Mutual Holdings, Inc",280121.0,285168.0,3,0,0,5047.0,0.01801721398966875,140.0,285168.0,0.0,0.24311621360040397,0.0,1.0,False,0.22614840989399293,0.9088050314465409,0.6038338658146964,54.43,True
"Fenyx Health Holdings, Inc.",235810.0,283578.0,1,0,0,47768.0,0.20256986556973836,113.0,283578.0,0.0,0.0,0.0,1.0,False,0.49823321554770317,0.9056603773584906,0.2364217252396166,54.19,True
"EmblemHealth, Inc.",252776.0,267112.0,4,0,0,14336.0,0.0567142450232617,105.0,275443.0,0.0,0.15927903341163147,0.0,1.0311891640959598,False,0.2862190812720848,0.9025157232704403,0.5111821086261981,53.86,True
"Baystate Health, Inc.",109345.0,112458.0,2,0,0,3113.0,0.02846952306918469,32.0,112458.0,0.0,0.2697,0.0,1.0,False,0.24734982332155478,0.8270440251572327,0.6373801916932907,53.83,True
Johns Hopkins Healthcare LLC,17365.0,18208.0,3,0,0,843.0,0.04854592571264037,160.0,18208.0,0.0,0.32855082930579965,0.0,1.0,False,0.2791519434628975,0.6886792452830188,0.7284345047923323,53.68,True
Hawaii Medical Service Association,132268.0,138089.0,2,1,0,5821.0,0.04400913297244988,129.0,138089.0,0.0,0.19721805574665616,0.0,1.0,False,0.27208480565371024,0.8490566037735849,0.5399361022364217,52.55,True
ATRIO Health Plans,35895.0,34552.0,4,0,0,-1343.0,-0.03741468171054464,3.0,34552.0,0.0,0.37344024658485764,0.0,1.0,False,0.14840989399293286,0.7295597484276729,0.8019169329073482,51.88,True
Aultman Health Foundation,107549.0,108880.0,1,0,0,1331.0,0.01237575430733898,24.0,108880.0,0.0,0.2663119030124908,0.0,1.0,False,0.2049469964664311,0.8207547169811321,0.6325878594249201,51.8,True
BlueCross BlueShield of Alabama,346524.0,355378.0,3,0,0,8854.0,0.025550899793376505,44.0,355378.0,0.0,0.01498721867982824,0.0,1.0,False,0.24381625441696114,0.9213836477987422,0.476038338658147,51.68,True
Sentara Health Care (SHC),99729.0,10738.0,2,1,0,-88991.0,-0.892328209447603,264.0,10738.0,0.0,0.6788249580927548,0.0,1.0,False,0.007067137809187279,0.6477987421383647,0.9808306709265175,49.14,True
"Moda Partners, Inc.",101132.0,117171.0,1,0,0,16039.0,0.15859470790649843,203.0,117171.0,0.0,0.0,0.0,1.0,False,0.42402826855123676,0.8301886792452831,0.2364217252396166,48.96,True
Mercy Care,12709.0,10994.0,1,0,0,-1715.0,-0.13494374065622786,196.0,10994.0,0.0,0.46069999999999994,0.0,1.0,False,0.06007067137809187,0.6572327044025157,0.8945686900958466,48.96,True
CVS Health Corporation,11220465.0,9433314.0,41,2,0,-1787151.0,-0.15927601930936017,53.0,9433314.0,0.0,0.2114986739654802,0.0,1.0,False,0.053003533568904596,0.9905660377358491,0.5559105431309904,48.51,True
"BlueCross BlueShield Association, Federal Employee",868966.0,925829.0,1,0,0,56863.0,0.0654375430108888,43.0,925829.0,0.0,0.0,0.0,1.0,False,0.29328621908127206,0.9748427672955975,0.2364217252396166,48.07,True
Banner Health,29413.0,18462.0,2,0,0,-10951.0,-0.3723183626287696,28.0,18462.0,0.0,0.4187250731231719,0.0,1.0,False,0.028268551236749116,0.6918238993710691,0.8498402555910544,47.38,True
"Independent Health Association, Inc.",421761.0,384431.0,3,0,0,-37330.0,-0.08850984325245814,152.0,384431.0,0.0,0.07570122414685601,0.0,1.0,False,0.08833922261484099,0.9371069182389937,0.49201277955271566,46.41,True
Health Plan of San Mateo,8797.0,8637.0,1,0,0,-160.0,-0.018188018642719107,133.0,8637.0,0.0,0.2921,0.0,1.0,False,0.16607773851590105,0.6289308176100629,0.6677316293929713,45.54,True
Community Health Plan of Washington,16051.0,9099.0,1,0,0,-6952.0,-0.43311943181110213,84.0,9099.0,0.0,0.4187408506429278,0.0,1.0,False,0.02120141342756184,0.6320754716981132,0.853035143769968,45.4,True
"Medical Associates Clinic, P.C.",19448.0,20090.0,2,0,0,642.0,0.0330111065405183,194.0,20090.0,0.0,0.0010977003484320556,0.0,1.0,False,0.2508833922261484,0.7012578616352201,0.4728434504792332,45.26,True
"Total Community Options, Inc.",6531.0,7592.0,11,0,0,1061.0,0.16245597917623641,281.0,7592.0,0.0,0.0,0.0,1.0,False,0.4416961130742049,0.6226415094339622,0.2364217252396166,43.44,True
"CareOregon, Inc.",16915.0,13517.0,1,0,0,-3398.0,-0.20088678687555425,60.0,13517.0,0.0,0.3146,0.0,1.0,False,0.045936395759717315,0.6792452830188679,0.6996805111821086,43.21,True
"Gemstone Holdings, Inc.",56362.0,37733.0,2,0,0,-18629.0,-0.3305241119903481,118.0,37733.0,0.0,0.2739426549704503,0.0,1.0,False,0.03180212014134275,0.7389937106918238,0.6421725239616614,42.71,True
"Prime Therapeutics, LLC.",158000.0,158000.0,1,0,0,0.0,0.0,235.0,158000.0,0.0,0.0,0.0,1.0,False,0.1855123674911661,0.8647798742138365,0.2364217252396166,40.46,True
Denver Health and Hospital Authority,5153.0,5121.0,1,0,0,-32.0,-0.006209974771977489,95.0,5121.0,0.0,0.15730000000000002,0.0,1.0,False,0.17314487632508835,0.5943396226415094,0.5079872204472844,40.0,True
Commonwealth of PA Pub Schools Retirement System,125289.0,123008.0,1,0,0,-2281.0,-0.018205907940840777,80.0,123008.0,0.0,0.0,0.0,1.0,False,0.1625441696113074,0.8364779874213837,0.2364217252396166,38.69,True
University of Wisconsin Hospitals and Clincs Autho,36662.0,21673.0,2,0,0,-14989.0,-0.4088429436473733,294.0,21673.0,0.0,0.1676447884464541,0.0,1.0,False,0.024734982332155476,0.710691823899371,0.5207667731629393,37.93,True
"BCBS MN, MT, NE, ND, WY, Wellmark IA and SD",215009.0,152791.0,1,0,0,-62218.0,-0.2893739331841923,26.0,152791.0,0.0,0.0,0.0,1.0,False,0.0353356890459364,0.8584905660377359,0.2364217252396166,34.26,True
